{"sections":{"main":{"type":"collection-template-fullwidth","blocks":{"13774c76-41f2-4be4-9f86-d042e71f8e06":{"type":"menu","settings":{"filter_title":"Category","linklist":"sidebar-d"}},"c46d821f-34df-4d7e-afed-7f3cfe4f37c4":{"type":"collection_filter","settings":{}},"b8b9fac8-f331-4738-a7e9-29aa5671dffe":{"type":"carousel","settings":{"title":"Featured Products","collection":"demo-10-best-sellers","limit":5}},"9ffa8d61-9f4a-400a-b1fd-fd65309cb672":{"type":"collection","settings":{"title":"New Arrivals","collection":"demo-1-best-sellers","limit":2}},"deafb672-1c6e-4f02-aab7-bf3b8aca7d6c":{"type":"image","settings":{"title":"Todays Deal","image":"shopify:\/\/shop_images\/Bob_Fashion_Mega_Menu_14.png","link_text":"","link":""}}},"block_order":["13774c76-41f2-4be4-9f86-d042e71f8e06","c46d821f-34df-4d7e-afed-7f3cfe4f37c4","b8b9fac8-f331-4738-a7e9-29aa5671dffe","9ffa8d61-9f4a-400a-b1fd-fd65309cb672","deafb672-1c6e-4f02-aab7-bf3b8aca7d6c"],"settings":{"full":false,"spacing_both_ends":false,"padding":"0,0","margin":"0,0","show_collection_image":false,"collections_sort_enable":true,"collections_view_enable":true,"grid":"3","rows":"2"}}},"order":["main"]}