{"sections":{"16554475646eef7227":{"type":"slideshow","blocks":{"0c9dd27b-75a9-45c0-a8b4-da5352ec3e2d":{"type":"Slider","settings":{"image":"shopify:\/\/shop_images\/demo-9_1_8d17e5d9-82bf-42ae-8238-537eb3af6258.jpg","desktop_bg_clr":"","mobile_image":"shopify:\/\/shop_images\/aara-mobileslidersdf_ab3248e3-f3bf-4ddd-a765-6a4f3fb05120.jpg","mobile_bg_clr":"#f3eeeb","show_bg_text":false,"bg_text":"fashion Tees","bg_text_clr":"","text_alignment":"text-center","content_position":"top-center","show_image":false,"title_2":"off","subheading_color":"","subheading_size":"70","title":"Top Brands On Offer Price*","heading_color":"","show_additional_color":false,"additional_color":"","heading_size":"40","show_additional_text":true,"additional_text":"50%","additional_text_color":"#000000","show_additional_text_shadow":true,"additional_text_shadow_color":"#95c6cd","additional_text_size":"220","show_custom_text":false,"custom_text1":"","custom_text2":"","custom_text_color":"","desc":"Morbi tempus iaculis urna id volutpat lacus. At augue eget arcu dictum varius duis at consectetur lorem. Malesuada proin libero nunc consequat. Aenean vel elit sceleris.","desc_color":"","desc_size":"16","button":"Shop Now","link":"shopify:\/\/collections\/best-sellers-demo-10","btn_bg_color":"#9a9b9c","btn_txt_color":"#000000","btn_hoverbg_color":"#000000","btn_hovertxt_color":"#ffffff","button_2":"","link_2":"","btn_bg_color_2":"","btn_txt_color_2":"","btn_hoverbg_color_2":"","btn_hovertxt_color_2":"","slide_content_bg":"rgba(0,0,0,0)"}},"d7abe12a-4062-4ba5-af30-ca7dcf9eaa0b":{"type":"Slider","settings":{"image":"shopify:\/\/shop_images\/demo-9_3.jpg","desktop_bg_clr":"","mobile_image":"shopify:\/\/shop_images\/aara-mobileslideras.jpg","mobile_bg_clr":"#f3eeeb","show_bg_text":false,"bg_text":"fashion Tees","bg_text_clr":"","text_alignment":"text-center","content_position":"top-center","show_image":false,"title_2":"off","subheading_color":"","subheading_size":"70","title":"Trendy Products Launched*","heading_color":"","show_additional_color":false,"additional_color":"","heading_size":"40","show_additional_text":true,"additional_text":"25%","additional_text_color":"#000000","show_additional_text_shadow":true,"additional_text_shadow_color":"#95c6cd","additional_text_size":"220","show_custom_text":false,"custom_text1":"","custom_text2":"","custom_text_color":"","desc":"Vesei tempus iaculis urna id volutpat lacus. At augue eget arcu dictum varius duis at consectetur lorem. Malesuada proin libero nunc consequat. Aenean vel elit sceleris.","desc_color":"","desc_size":"16","button":"Shop Now","link":"shopify:\/\/collections\/hot-deals-demo-10","btn_bg_color":"","btn_txt_color":"","btn_hoverbg_color":"","btn_hovertxt_color":"","button_2":"","link_2":"","btn_bg_color_2":"","btn_txt_color_2":"","btn_hoverbg_color_2":"","btn_hovertxt_color_2":"","slide_content_bg":"rgba(0,0,0,0)"}},"5f07df2e-5adb-42f1-a715-67ab52e4bcf4":{"type":"Slider","settings":{"image":"shopify:\/\/shop_images\/demo-9_2_e2bad125-52f8-4e86-adea-c048bf3c8445.jpg","desktop_bg_clr":"","mobile_image":"shopify:\/\/shop_images\/aara-mobilesliderwe_eefcd7b7-3d28-4469-98ec-4177031bc32a.jpg","mobile_bg_clr":"#f3eeeb","show_bg_text":false,"bg_text":"fashion Tees","bg_text_clr":"","text_alignment":"text-center","content_position":"top-center","show_image":false,"title_2":"off","subheading_color":"","subheading_size":"70","title":"Classy Designs on Special Offer*","heading_color":"","show_additional_color":false,"additional_color":"","heading_size":"40","show_additional_text":true,"additional_text":"15%","additional_text_color":"#000000","show_additional_text_shadow":true,"additional_text_shadow_color":"#95c6cd","additional_text_size":"220","show_custom_text":false,"custom_text1":"","custom_text2":"","custom_text_color":"","desc":"Sedres tempus iaculis urna id volutpat lacus. At augue eget arcu dictum varius duis at consectetur lorem. Malesuada proin libero nunc consequat. Aenean vel elit sceleris.","desc_color":"","desc_size":"16","button":"Shop Now","link":"shopify:\/\/collections\/shop-demo-10","btn_bg_color":"","btn_txt_color":"","btn_hoverbg_color":"","btn_hovertxt_color":"","button_2":"","link_2":"","btn_bg_color_2":"","btn_txt_color_2":"","btn_hoverbg_color_2":"","btn_hovertxt_color_2":"","slide_content_bg":"rgba(0,0,0,0)"}}},"block_order":["0c9dd27b-75a9-45c0-a8b4-da5352ec3e2d","d7abe12a-4062-4ba5-af30-ca7dcf9eaa0b","5f07df2e-5adb-42f1-a715-67ab52e4bcf4"],"settings":{"full":true,"spacing_both_ends":false,"margin":"0,0","slider_height":900,"slider_height_lap":870,"slider_height_tab":780,"slider_height_mobile":580,"content_within_container":false,"enable_box_shadow":false,"border_radius":"0","content_border_radius":"0","autoplay":false,"slideshow_speed":"5000","dots":true,"carousel_pagination_alignment":"center_pagination","carousel_pagination_bottom_alignment":"inside_element","arrows":false,"nav_arrow_position":"navigation-bottom-center","center_nav_arrow_alignment":"inside_container","navigation_button_color":"","navigation_button_icon_color":"","navigation_button_hover_color":"","navigation_button_hover_icon_color":"","navigation_dot_color":"#545454","navigation_dot_active_color":"#000000","show_support_block":false,"support_block_alignment":"left_support_block","support_block_txt_1":"","support_block_txt_2":"","support_block_txt_3":"","support_block_icon_clr":"","support_block_hover_icon_clr":"","support_block_text_clr":"","support_block_hover_text_clr":"","custom_class_name":"demo-9-custom-slider"}},"165632469425c47942":{"type":"home-support-block","blocks":{"fed8659a-c8dc-4534-b7df-f28014fc8953":{"type":"icon","settings":{"icon":"shopify:\/\/shop_images\/support-icon-1-a.png","title":"Free Delivery","desc":"On order above $25","link_text":"View More","link":"","text_underline_color":"","icon_bg_color":"#f9ede1"}},"e009474b-d023-4f5e-ac9b-a3082c73ac7b":{"type":"icon","settings":{"icon":"shopify:\/\/shop_images\/support-icon-2.png","title":"Easy Returns","desc":"7 Day free returns","link_text":"View More","link":"","text_underline_color":"","icon_bg_color":"#f3c0d7"}},"2c61de31-2a1e-4bc5-b526-c11ee68f0a15":{"type":"icon","settings":{"icon":"shopify:\/\/shop_images\/support-icon-3.png","title":"High Quality","desc":"Premium quality products","link_text":"View More","link":"","text_underline_color":"","icon_bg_color":"#fcded6"}},"010fa1b0-e08a-4037-afae-cb74ccf6df8a":{"type":"icon","settings":{"icon":"shopify:\/\/shop_images\/support-icon-4.png","title":"Security Guarantee","desc":"100% Secured shopping experience","link_text":"View More","link":"","text_underline_color":"","icon_bg_color":"#bee1e6"}}},"block_order":["fed8659a-c8dc-4534-b7df-f28014fc8953","e009474b-d023-4f5e-ac9b-a3082c73ac7b","2c61de31-2a1e-4bc5-b526-c11ee68f0a15","010fa1b0-e08a-4037-afae-cb74ccf6df8a"],"settings":{"full":true,"spacing_both_ends":true,"padding":"100,0","margin":"0,0","show_background_image":false,"background_style":"none","background_size":"auto","enable_overlay":false,"background_color":"","overlay_transparency":"0.5","section_heading":"","section_sub_heading":"","section_description":"","section_button_text":"","section_button_link":"","section_heading_color":"","section_sub_heading_color":"","section_description_color":"","section_button_bg_color":"","section_button_text_color":"","section_button_hover_bg_color":"","section_button_hover_text_color":"","heading_position":"text-center","text_position":"text-start","block_style":"default-style","grid":"4","enable_grid_style":false,"vertical_position":"position-default","reverse_column":false,"border_radius":"20px","icon_border_radius":"20px","enable_box_shadow":false,"block_icon_outer_size":"100px","block_icon_size":"100px","slide_on_mobile":true,"block_border_color":"","block_bg":"","block_icon_bg":"","block_icon_border_color":"","block_heading_color":"","block_description_color":"","block_button_bg_color":"","block_button_text_color":"","block_button_hover_bg_color":"","block_button_hover_text_color":"","custom_class_name":"custom_support_block"}},"16571066693c2b255a":{"type":"home-featured-collection","blocks":{"1657106669c8fa075b-0":{"type":"collection","settings":{"collection":"latest-products-demo-10","collection_text":"Jumpsuits","collection_sub_text":"Starting From $24","enable_custom_img_height":false,"block_img_height":400,"block_button_text":"Shop Now","block_text_align":"text-center","content_position":"center","reverse_column":false,"block_banner_bg":"rgba(0,0,0,0)","block_content_box_bg":"","block_heading_color":"","block_heading_hover_color":"","block_subheading_color":"","block_sub_heading_color":"","block_description_color":"","block_button_bg_color":"","block_button_text_color":"","block_button_hover_bg_color":"","block_button_hover_text_color":"","overlay_style":"use_overlay","overlay_color":"","overlay_opacity":"0","rotation_degree":"180"}},"1657106669c8fa075b-1":{"type":"collection","settings":{"collection":"shop-demo-10","collection_text":"Jeans","collection_sub_text":"Starting From $35","enable_custom_img_height":false,"block_img_height":400,"block_button_text":"Shop Now","block_text_align":"text-center","content_position":"center","reverse_column":false,"block_banner_bg":"rgba(0,0,0,0)","block_content_box_bg":"","block_heading_color":"","block_heading_hover_color":"","block_subheading_color":"","block_sub_heading_color":"","block_description_color":"","block_button_bg_color":"","block_button_text_color":"","block_button_hover_bg_color":"","block_button_hover_text_color":"","overlay_style":"use_overlay","overlay_color":"","overlay_opacity":"0","rotation_degree":"180"}},"526c98c1-3f20-42e5-83c3-1ef31ed8607d":{"type":"collection","settings":{"collection":"new-arrivals-demo-10","collection_text":"Coats & Jackets","collection_sub_text":"Starting from $30","enable_custom_img_height":false,"block_img_height":400,"block_button_text":"Shop Now","block_text_align":"text-center","content_position":"center","reverse_column":false,"block_banner_bg":"rgba(0,0,0,0)","block_content_box_bg":"","block_heading_color":"","block_heading_hover_color":"","block_subheading_color":"","block_sub_heading_color":"","block_description_color":"","block_button_bg_color":"","block_button_text_color":"","block_button_hover_bg_color":"","block_button_hover_text_color":"","overlay_style":"use_gradient_overlay","overlay_color":"","overlay_opacity":"0","rotation_degree":"180"}},"3ca95eaf-2581-4a10-bb7f-cd7debb309d7":{"type":"collection","settings":{"collection":"hot-deals-demo-10","collection_text":"Playsuits","collection_sub_text":"Starting from $15","enable_custom_img_height":false,"block_img_height":400,"block_button_text":"Shop Now","block_text_align":"text-center","content_position":"center","reverse_column":false,"block_banner_bg":"rgba(0,0,0,0)","block_content_box_bg":"","block_heading_color":"","block_heading_hover_color":"","block_subheading_color":"","block_sub_heading_color":"","block_description_color":"","block_button_bg_color":"","block_button_text_color":"","block_button_hover_bg_color":"","block_button_hover_text_color":"","overlay_style":"use_gradient_overlay","overlay_color":"","overlay_opacity":"0","rotation_degree":"180"}},"d31399ac-026b-40f6-b8c0-bed4413d0f49":{"type":"collection","settings":{"collection":"latest-products-demo-10","collection_text":"Boys Jeans","collection_sub_text":"Starting from $25","enable_custom_img_height":false,"block_img_height":400,"block_button_text":"Shop Now","block_text_align":"text-center","content_position":"center","reverse_column":false,"block_banner_bg":"rgba(0,0,0,0)","block_content_box_bg":"","block_heading_color":"","block_heading_hover_color":"","block_subheading_color":"","block_sub_heading_color":"","block_description_color":"","block_button_bg_color":"","block_button_text_color":"","block_button_hover_bg_color":"","block_button_hover_text_color":"","overlay_style":"use_gradient_overlay","overlay_color":"","overlay_opacity":"0","rotation_degree":"180"}}},"block_order":["1657106669c8fa075b-0","1657106669c8fa075b-1","526c98c1-3f20-42e5-83c3-1ef31ed8607d","3ca95eaf-2581-4a10-bb7f-cd7debb309d7","d31399ac-026b-40f6-b8c0-bed4413d0f49"],"settings":{"full":true,"spacing_both_ends":true,"padding":"50,0","margin":"0,0","show_background_image":false,"background_style":"none","background_size":"auto","enable_overlay":false,"background_color":"","overlay_transparency":"0.5","section_heading":"Exclusive Products","section_sub_heading":"Highly Rated","section_description":"","section_button_text":"","section_button_link":"","section_heading_color":"","section_sub_heading_color":"#767676","section_description_color":"","section_button_bg_color":"","section_button_text_color":"","section_button_hover_bg_color":"","section_button_hover_text_color":"","heading_position":"text-center","grid":"4","block_banner_style":"grid","column_gap":"30","equal_height":false,"overlay_style_height":"400","enable_box_shadow":false,"border_radius":"0","enable_items_count":false,"enable_title":true,"enable_sub_title":true,"enable_collection_desc":false,"enable_collection_button":false,"content_width":"50\/50","lap_content_width":"35\/65","enable_slider":true,"enable_auto_height":false,"slider_autoplay":0,"items_per_view":4,"items_laptop_view":3,"items_tablet_view":2,"items_mobile_landscape_view":1,"items_mobile_view":1,"enable_center_mode":false,"dots":false,"carousel_pagination_alignment":"center_pagination","arrows":true,"nav_arrow_position":"navigation-top-right","center_nav_arrow_alignment":"outside_container","navigation_button_color":"rgba(0,0,0,0)","navigation_button_icon_color":"#000000","navigation_button_hover_color":"rgba(0,0,0,0)","navigation_button_hover_icon_color":"","navigation_dot_color":"","navigation_dot_active_color":"","custom_class_name":"demo-10-custom-feature-collection"}},"16559797208edc93bd":{"type":"home-masonry-banner-static","blocks":{"165597972085285f76-0":{"type":"content","settings":{"block_image":"shopify:\/\/shop_images\/mas-1.gif","show_image":true,"block_title":"Summer Offer","block_sub_title":"Top Brand","block_description":"20%","block_button_text":"Explore Now","block_button_link":"shopify:\/\/collections\/best-sellers-demo-10","use_title_link":false,"block_text_align":"text-center","content_position":"center-right","image_position":"center","reverse_column":false,"block_banner_bg":"rgba(0,0,0,0)","block_heading_color":"","block_sub_heading_color":"","block_description_color":"","block_button_bg_color":"","block_button_text_color":"","block_button_hover_bg_color":"","block_button_hover_text_color":"","overlay_style":"use_overlay","overlay_color":"#f3eeeb","overlay_opacity":".75","rotation_degree":"180"}},"165597972085285f76-1":{"type":"content","settings":{"block_image":"shopify:\/\/shop_images\/mas2.gif","show_image":true,"block_title":"SALE UPTO","block_sub_title":"Clearance Offer","block_description":"50% <br> off","block_button_text":"Explore Now","block_button_link":"shopify:\/\/collections\/hot-deals-demo-10","use_title_link":false,"block_text_align":"text-center","content_position":"center","image_position":"center","reverse_column":false,"block_banner_bg":"rgba(0,0,0,0)","block_heading_color":"","block_sub_heading_color":"","block_description_color":"#ffffff","block_button_bg_color":"","block_button_text_color":"","block_button_hover_bg_color":"","block_button_hover_text_color":"","overlay_style":"use_overlay","overlay_color":"#282929","overlay_opacity":"0","rotation_degree":"180"}},"bc745a9f-83fa-49d9-88ab-9ee80801d440":{"type":"content","settings":{"block_image":"shopify:\/\/shop_images\/image-8.jpg","show_image":true,"block_title":"Long Wearing Cosmetics","block_sub_title":"The Iconic Beauty Brand","block_description":"","block_button_text":"Explore Now","block_button_link":"shopify:\/\/collections\/shop-demo-10","use_title_link":false,"block_text_align":"text-center","content_position":"center","image_position":"center","reverse_column":false,"block_banner_bg":"rgba(0,0,0,0)","block_heading_color":"#ffffff","block_sub_heading_color":"#ffffff","block_description_color":"","block_button_bg_color":"#282929","block_button_text_color":"#ffffff","block_button_hover_bg_color":"#282929","block_button_hover_text_color":"#282929","overlay_style":"use_overlay","overlay_color":"","overlay_opacity":"0","rotation_degree":"180"}}},"block_order":["165597972085285f76-0","165597972085285f76-1","bc745a9f-83fa-49d9-88ab-9ee80801d440"],"settings":{"full":true,"spacing_both_ends":true,"padding":"50,0","margin":"0,0","show_background_image":false,"background_style":"none","background_size":"auto","enable_overlay":false,"background_color":"","overlay_transparency":"0.5","section_heading":"","section_sub_heading":"","section_description":"","section_button_text":"","section_button_link":"","heading_position":"text-center","section_heading_color":"","section_sub_heading_color":"","section_description_color":"","section_button_bg_color":"","section_button_text_color":"","section_button_hover_bg_color":"","section_button_hover_text_color":"","main_banner_style":"overlay","block_banner_style":"overlay","reverse_column":true,"column_gap":"30px","enable_box_shadow":false,"border_radius":"0","content_width":"26\/74","lap_content_width":"30\/70","tab_content_width":"50\/100","primary_text_align":"text-center","primary_position":"bottom-center","enable_main_img":true,"primary_image":"shopify:\/\/shop_images\/aara.gif","primary_title":"Summer Trouser Suit","underline_color":"","primary_sub_title":"","primary_description":"","primary_button_text":"","primary_button_link":"","set_heading_link":false,"primary_banner_bg":"#ebd9cb","primary_heading_color":"","primary_sub_heading_color":"","primary_description_color":"","primary_button_bg_color":"","primary_button_text_color":"","primary_button_hover_bg_color":"","primary_button_hover_text_color":"","overlay_style":"use_overlay","overlay_color":"","overlay_opacity":"0","rotation_degree":"180","overlay_style_height":550,"overlay_style_height_laptop":400,"overlay_style_height_tab":350,"overlay_style_height_mobile":350,"overlay_style_height_bottom":300,"overlay_style_height_laptop_bottom":230,"overlay_style_height_tab_bottom":230,"overlay_style_height_mobile_bottom":250,"custom_class_name":"demo-9-custom-masonry"}},"1656329016e878e1d5":{"type":"home-product-carousel","settings":{"full":true,"spacing_both_ends":true,"padding":"100,0","margin":"0,0","show_background_image":false,"background_style":"none","background_size":"auto","enable_overlay":false,"background_color":"","overlay_transparency":"0.5","show_style_image":false,"section_heading":"Branded Collection","section_sub_heading":"Our Premium","section_description":"","section_button_text":"","section_button_link":"","section_heading_color":"","section_sub_heading_color":"#767676","section_description_color":"","section_button_bg_color":"","section_button_text_color":"","section_button_hover_bg_color":"","section_button_hover_text_color":"","heading_position":"text-center","grouped_content_bg":"","grouped_column_gap":"30","grouped_content_padding":"0","group_border_radius":"","enable_group_box_shadow":false,"reverse_column":false,"content_width":"25\/75","lap_content_width":"35\/65","additional_block_background_color":"","additional_block_box_shadow":false,"additional_content_padding":"0","additional_block_border_radius":"0","enable_main_content":true,"main_block_background_color":"","enable_main_block_box_shadow":false,"main_block_border_radius":"0","main_content_padding":"0","collection":"new-arrivals-demo-10","column_gap":"30","border_radius":"0","enable_list_view":false,"grid":"4","enable_additional_button":true,"additional_button_text":"Explore Now","additional_button_link":"shopify:\/\/collections\/shop-demo-10","additional_button_background_color":"","additional_button_color":"","additional_button_hover_background_color":"","additional_button_hover_color":"","post_limit":4,"enable_slider":false,"items_per_view":4,"items_laptop_view":3,"items_tablet_view":2,"items_mobile_view":1,"rows":1,"slider_autoplay":0,"enable_auto_height":false,"dots":false,"carousel_pagination_alignment":"center_pagination","carousel_pagination_bottom_alignment":"outside_element","arrows":false,"nav_arrow_position":"navigation-top-right","center_nav_arrow_alignment":"inside_container","navigation_button_color":"","navigation_button_icon_color":"","navigation_button_hover_color":"","navigation_button_hover_icon_color":"","navigation_dot_color":"","navigation_dot_active_color":"","custom_class_name":"custom-collection-section"}},"1657109395105c9cba":{"type":"home-testimonial","blocks":{"1657109395f4c305c2-0":{"type":"content","settings":{"quote":"<p>‘’ Marques natoque penatibus et magnis dis parturient montes nascetur ridiculus.. ‘’<\/p>","icon":"shopify:\/\/shop_images\/test04_79abe3fa-8066-467c-b7c0-f6ccc3ec4ddc.jpg","author":"Lenda Lena","job":"Professor","star":"0","content_bg_color":"#f9cdc1"}},"64c099be-9194-4fe5-8301-d5d5d282740c":{"type":"content","settings":{"quote":"<p>‘’ Ut ornare lectus sit amet est placerat in egestas erat ornare aenean. ‘’<\/p>","icon":"shopify:\/\/shop_images\/test03_829832c6-b4ac-45a3-b3de-c325b898ea70.jpg","author":"Sandra Hendry","job":"Developer","star":"0","content_bg_color":"#bee1e6"}},"27d41fee-0e12-4d87-a4a0-e092c6907392":{"type":"content","settings":{"quote":"<p>‘’ Sed vulputate mi sit amet mauris commodo quis imperdiet facilisis volutpat. ‘’<\/p>","icon":"shopify:\/\/shop_images\/test05_28abb4f1-37a5-4440-bdaa-d41e5835bf4d.jpg","author":"Chandelle","job":"Choreographer","star":"0","content_bg_color":"#f3a298"}}},"block_order":["1657109395f4c305c2-0","64c099be-9194-4fe5-8301-d5d5d282740c","27d41fee-0e12-4d87-a4a0-e092c6907392"],"settings":{"full":false,"spacing_both_ends":false,"padding":"100,100","margin":"100,0","show_background_image":false,"background_style":"none","background_size":"auto","enable_overlay":true,"background_color":"#f9ede1","overlay_transparency":"1","section_heading":"Our Clients","section_sub_heading":"Get In Touch","section_description":"","section_button_text":"","section_button_link":"","section_heading_color":"","text_underline_color":"rgba(0,0,0,0)","section_sub_heading_color":"","section_description_color":"","section_button_bg_color":"","section_button_text_color":"","section_button_hover_bg_color":"","section_button_hover_text_color":"","heading_position":"text-center","grid":"1","block_style":"style_3","boxed_styles":"default","enable_box_shadow":false,"reverse_column":false,"text_position":"text-center","quote_icon":"shopify:\/\/shop_images\/quote-icon.png","quote_style":"quote-icon-in-content","author_info_style":"style_2","border_radius":"30px 0px 30px 30px","boxed_border_radius":"30px 0px 30px 30px","column_gap":"30","content_width":"30\/70","lap_content_width":"20\/80","tab_content_width":"30\/70","vertical_position":"vertical-center","testimonial_border_color":"","testimonial_background_color":"","testimonial_content_color":"","testimonial_review_color":"","testimonial_author_text_color":"#000000","testimonial_author_designation_color":"#000000","testimonial_author_separator_color":"","testimonial_quote_icon_color":"#000000","enable_slider":true,"enable_auto_height":true,"items_per_view":3,"slider_autoplay":0,"dots":true,"carousel_pagination_alignment":"custom_pagination","arrows":true,"nav_arrow_position":"navigation-top-right","center_nav_arrow_alignment":"outside_container","navigation_button_color":"rgba(0,0,0,0)","navigation_button_icon_color":"#000000","navigation_button_hover_color":"rgba(0,0,0,0)","navigation_button_hover_icon_color":"#666666","navigation_dot_color":"#d2d2d2","navigation_dot_active_color":"#000000","custom_class_name":"demo-4-custom-html-two"}},"1657109962c15af449":{"type":"home-featured-blog","settings":{"full":false,"spacing_both_ends":false,"padding":"100,0","margin":"0,0","show_background_image":true,"background_image":"shopify:\/\/shop_images\/testimonial-bg.png","background_style":"none","background_size":"cover","enable_overlay":false,"background_color":"","overlay_transparency":"0.5","section_heading":"Latest Blog","section_sub_heading":"Trending Updates","section_description":"","section_button_text":"","section_button_link":"","section_heading_color":"","text_underline_color":"","section_sub_heading_color":"#767676","section_description_color":"","section_button_bg_color":"","section_button_text_color":"","section_button_hover_bg_color":"","section_button_hover_text_color":"","heading_position":"text-center","blog":"demo-10","blog_show_author":false,"blog_show_date":true,"blog_comments":false,"blog_show_tag":false,"blog_show_button":true,"blog_show_description":true,"enable_blog_icons":false,"block_banner_style":"grid-style","post_limit":3,"grid":"3","text_position":"text-center","enable_box_shadow":false,"vertical_position":"vertical-center","content_width":"50\/50","lap_content_width":"40\/60","overlay_style_height":400,"overlay_style":"use_overlay","overlay_color":"","overlay_opacity":"0.5","rotation_degree":"180","split_blog_layout":false,"split_gap":"30","enable_masonry_grid":false,"main_banner_style":"grid-style","additional_banner_style":"list-style","enable_masonry_reverse":false,"blog_bg_color":"","blog_link_color":"","blog_link_hover_color":"","blog_text_color":"","blog_icon_color":"","blog_button_bg_color":"","blog_button_text_color":"","blog_button_bg_hover_color":"","blog_button_text_hover_color":"","blog_link_color_overlay":"","blog_link_hover_color_overlay":"","blog_text_color_overlay":"","blog_icon_color_overlay":"","blog_button_bg_color_overlay":"","blog_button_text_color_overlay":"","blog_button_bg_hover_color_overlay":"","blog_button_text_hover_color_overlay":"","masonry_content_width":"50\/50","lap_masonry_content_width":"40\/60","enable_slider":false,"enable_auto_height":true,"items_per_view":2,"column_gap":"30","slider_autoplay":0,"dots":true,"carousel_pagination_alignment":"center_pagination","arrows":true,"nav_arrow_position":"center-navigation","center_nav_arrow_alignment":"outside_container","navigation_button_color":"","navigation_button_icon_color":"","navigation_button_hover_color":"","navigation_button_hover_icon_color":"","navigation_dot_color":"","navigation_dot_active_color":"","custom_class_name":""}},"165716590426b5ebb0":{"type":"home-image-gallery","blocks":{"1657165904defaf0fb-0":{"type":"image_image","settings":{"image":"shopify:\/\/shop_images\/insta01_527ff148-9d77-4f31-b6e1-1469fde6d5a8.jpg","show_icon":true,"icon":"fa fa-instagram","link":"https:\/\/www.instagram.com\/p\/CgjPnCvpmNQ\/?utm_source=ig_web_copy_link"}},"1657165904defaf0fb-1":{"type":"image_image","settings":{"image":"shopify:\/\/shop_images\/insta02_39fec9e9-82f9-4945-8f42-8d0cf936ea6a.jpg","show_icon":true,"icon":"fa fa-instagram","link":"https:\/\/www.instagram.com\/p\/CgjPY5nJ4EU\/?utm_source=ig_web_copy_link"}},"1657165904defaf0fb-2":{"type":"image_image","settings":{"image":"shopify:\/\/shop_images\/insta03_b1978676-5af1-4e01-a3c1-2219266d2440.jpg","show_icon":true,"icon":"fa fa-instagram","link":"https:\/\/www.instagram.com\/p\/CgjPanlJj1L\/?utm_source=ig_web_copy_link"}},"1657165904defaf0fb-3":{"type":"image_image","settings":{"image":"shopify:\/\/shop_images\/insta04_01d39d74-6361-489f-b439-c88f12ac44cb.jpg","show_icon":true,"icon":"fa fa-instagram","link":"https:\/\/www.instagram.com\/p\/CgjPdpRJhWQ\/?utm_source=ig_web_copy_link"}},"1657165904defaf0fb-4":{"type":"image_image","settings":{"image":"shopify:\/\/shop_images\/insta05_58f74ed7-b126-4627-822d-1deff1cb5d54.jpg","show_icon":true,"icon":"fa fa-instagram","link":"https:\/\/www.instagram.com\/p\/CgjPfZPpvNu\/?utm_source=ig_web_copy_link"}},"4974b5b3-9888-472a-9b9d-5314b0dffd0d":{"type":"image_image","settings":{"image":"shopify:\/\/shop_images\/insta06_0032b3f1-6c76-4def-8280-e995140273cf.jpg","show_icon":true,"icon":"fa fa-instagram","link":"https:\/\/www.instagram.com\/p\/CgjPhGNJX8k\/?utm_source=ig_web_copy_link"}},"e803f0cc-9d7b-4298-9837-d802a81bdfd4":{"type":"image_image","settings":{"image":"shopify:\/\/shop_images\/insta07_0cec432e-1461-4309-a181-959210a011ca.jpg","show_icon":false,"icon":"fa fa-instagram","link":"https:\/\/www.instagram.com\/p\/CgjPjb-JHhB\/?utm_source=ig_web_copy_link"}}},"block_order":["1657165904defaf0fb-0","1657165904defaf0fb-1","1657165904defaf0fb-2","1657165904defaf0fb-3","1657165904defaf0fb-4","4974b5b3-9888-472a-9b9d-5314b0dffd0d","e803f0cc-9d7b-4298-9837-d802a81bdfd4"],"settings":{"full":true,"spacing_both_ends":true,"padding":"60,30","margin":"0,0","background_image":"shopify:\/\/shop_images\/testimonial-2-bg.png","show_background_image":true,"background_style":"parallax","background_size":"cover","enable_overlay":false,"background_color":"","overlay_transparency":"0.5","section_heading":"Best Instagram Updates","section_sub_heading":"Check out our post","section_description":"","section_button_text":"","section_button_link":"","section_heading_color":"","text_underline_color":"rgba(0,0,0,0)","section_sub_heading_color":"#767676","section_description_color":"","section_button_bg_color":"","section_button_text_color":"","section_button_hover_bg_color":"","section_button_hover_text_color":"","heading_position":"text-center","grid":"6","column_gap":"20","image_list_text":"","image_list_link":"","item_height":360,"item_height_laptop":320,"item_height_tab":310,"item_height_mobile":290,"image_link_bg_color":"","image_overlay_color":"#f3efec","image_link_text_color":"","image_link_hover_bg_color":"","image_link_hover_text_color":"#000000","enable_slider":true,"remove_button_space":false,"enable_auto_height":true,"items_per_view":6,"slider_autoplay":3,"dots":false,"carousel_pagination_alignment":"right_pagination","arrows":false,"nav_arrow_position":"navigation-top-right","center_nav_arrow_alignment":"outside_container","navigation_button_color":"","navigation_button_icon_color":"","navigation_button_hover_color":"","navigation_button_hover_icon_color":"","navigation_dot_color":"","navigation_dot_active_color":"","custom_class_name":"demo-1-image-list"}},"1657167443dcaaf9fa":{"type":"home-brand-logos","blocks":{"16571674422b8cedd1-0":{"type":"Image","settings":{"image":"shopify:\/\/shop_images\/brlog01_3ab9a1b0-4e82-4725-9b0a-5e6e7f26c0dc.png","title":"Brand Name","link":""}},"16571674422b8cedd1-1":{"type":"Image","settings":{"image":"shopify:\/\/shop_images\/brlog02_4f84f240-ef9d-4ced-bd59-c463893b372a.png","title":"Brand Name","link":""}},"16571674422b8cedd1-2":{"type":"Image","settings":{"image":"shopify:\/\/shop_images\/brlog03_d9214d1e-289e-487f-bd7f-f45485c4ea34.png","title":"Brand Name","link":""}},"16571674422b8cedd1-3":{"type":"Image","settings":{"image":"shopify:\/\/shop_images\/brlog04_97267fde-bbd2-4ad4-ac54-ffb7b23c8ade.png","title":"Brand Name","link":""}},"16571674422b8cedd1-4":{"type":"Image","settings":{"image":"shopify:\/\/shop_images\/brlog05_44a2a88f-d56b-49ac-865b-50ce70873436.png","title":"Brand Name","link":""}},"16571674422b8cedd1-5":{"type":"Image","settings":{"image":"shopify:\/\/shop_images\/brlog07_e3e65f07-01e5-44d0-963d-eec7c50fac7e.png","title":"Brand Name","link":""}}},"block_order":["16571674422b8cedd1-0","16571674422b8cedd1-1","16571674422b8cedd1-2","16571674422b8cedd1-3","16571674422b8cedd1-4","16571674422b8cedd1-5"],"settings":{"full":false,"spacing_both_ends":false,"padding":"100,100","margin":"0,-100","show_background_image":true,"background_image":"shopify:\/\/shop_images\/testimonial-2-bg.png","background_style":"none","background_size":"cover","enable_overlay":false,"background_color":"","overlay_transparency":"0.5","section_heading":"","section_sub_heading":"","section_description":"","section_button_text":"","section_button_link":"","section_heading_color":"","section_sub_heading_color":"","section_description_color":"","section_button_bg_color":"","section_button_text_color":"","section_button_hover_bg_color":"","section_button_hover_text_color":"","heading_position":"text-center","grid":"5","block_style":"style-1","enable_box_shadow":false,"column_gap":"10","border_radius":"0","swipe_on_mobile":false,"block_border_color":"","block_background_color":"","enable_slider":true,"enable_auto_height":true,"items_per_view":5,"slider_autoplay":0,"dots":false,"carousel_pagination_alignment":"center_pagination","arrows":true,"nav_arrow_position":"center-navigation","center_nav_arrow_alignment":"outside_container","navigation_button_color":"rgba(0,0,0,0)","navigation_button_icon_color":"#000000","navigation_button_hover_color":"rgba(0,0,0,0)","navigation_button_hover_icon_color":"#878787","navigation_dot_color":"","navigation_dot_active_color":"","custom_class_name":"custom-brand-logo"}}},"order":["16554475646eef7227","165632469425c47942","16571066693c2b255a","16559797208edc93bd","1656329016e878e1d5","1657109395105c9cba","1657109962c15af449","165716590426b5ebb0","1657167443dcaaf9fa"]}