{"sections":{"main":{"type":"faq-page","settings":{}},"1656562825fb2beff2":{"type":"faq-template","blocks":{"5d191c96-8d35-4362-947b-ef16b49342b4":{"type":"icon","settings":{"title":"How will my order be delivered to me?","desc":"Curabitur nec risus vitae nibh bibendum gravida ut sit amet augue. Aliquam non mauris magna. Vestibulum malesuada enim pretium nulla sollicitudin, sit amet euismod ante egestas. Quisque urna eros, suscipit vel ullamcorper eu, scelerisque in eros. In id nulla laoreet mauris pharetra euismod."}},"ef11f4fd-c7f3-4bc9-8970-b5d788377d6e":{"type":"icon","settings":{"title":"What do I need to know?","desc":"Fusce a fermentum leo. Morbi quis eleifend nulla. Curabitur sit amet nunc sagittis, congue massa sed, condimentum enim. Aenean lacinia risus elementum, viverra justo rhoncus, mattis massa. Praesent ornare nunc rutrum, feugiat ante eu, tempor lacus. Etiam dui leo, scelerisque in congue id, feugiat et eros."}},"2499bbd9-d47f-44e8-a918-fa4b07735657":{"type":"icon","settings":{"title":"How will I know if order is placed successfully?","desc":"Integer a erat vitae nunc convallis eleifend eu quis arcu. Vivamus et turpis nibh. Suspendisse vel eros at ex elementum pulvinar in vel ipsum. Donec iaculis ullamcorper ante et faucibus. Pellentesque et augue euismod nunc pharetra consectetur id iaculis ante. Sed eget metus sodales, ullamcorper nulla nec, mollis purus."}},"b8ab706c-7b7c-4e3c-aad5-50292bdac1cf":{"type":"icon","settings":{"title":"How do I check the status of my order?","desc":"Nullam egestas vel lectus non pretium. Nam et lorem id risus scelerisque hendrerit. Suspendisse ornare, magna non volutpat interdum, tellus felis condimentum magna, non laoreet mauris eros vel nisi. In luctus lectus convallis, tempor quam at, eleifend eros. Nunc velit turpis, interdum a mi sit amet, facilisis elementum ex."}},"32e5aeb1-8843-49b5-ad22-2635c6237bf2":{"type":"icon","settings":{"title":"Can I cancel my order?","desc":"In luctus lectus, tempor at, eros. Nunc velit turpis, interdum a mi sit amet, facilisis elementum ex. Nunc vulputate nibh a nisi tempus semper. Morbi nisl leo, pharetra quis dignissim eu, lacinia vel turpis. Nunc eu tempus enim. Curabitur id quam at tortor faucibus faucibus. Vestibulum sit amet amet felis nec a risus."}},"1b4b54c9-8880-4fe6-9658-1dc17d72ad38":{"type":"icon","settings":{"title":"Do you allow exchanges?","desc":"Curabitur luctus dui sit amet feugiat. Suspendisse vel lectus sit amet odio bibendum. Cras consectetur urna quis rutrum. Ut ligula ipsum, auctor non ante at, malesuada euismod leo. Vestibulum vel nibh ligula. Maecenas sed iaculis libero. Aenean at neque placerat, mattis justo sit amet, sagittis. et dui laoreet, commodo sem."}}},"block_order":["5d191c96-8d35-4362-947b-ef16b49342b4","ef11f4fd-c7f3-4bc9-8970-b5d788377d6e","2499bbd9-d47f-44e8-a918-fa4b07735657","b8ab706c-7b7c-4e3c-aad5-50292bdac1cf","32e5aeb1-8843-49b5-ad22-2635c6237bf2","1b4b54c9-8880-4fe6-9658-1dc17d72ad38"],"settings":{"full":false,"spacing_both_ends":false,"section_heading":"Frequently Ask Questions","section_sub_heading":"Customer Queries","section_description":"","section_button_text":"","section_button_link":"","section_heading_color":"#000000","section_sub_heading_color":"#000000","section_description_color":"#000000","section_button_bg_color":"#d6a6ad","section_button_text_color":"#ffffff","section_button_hover_bg_color":"#181818","section_button_hover_text_color":"#ffffff","heading_position":"text-center","block_style":"default-style","text_position":"text-start","border_radius":"0","enable_box_shadow":false,"enable_heading_icons":false,"faq_icon_size":"30","enable_segmented_layout":true,"segmented_layout_gap":"20","faq_heading_color":"#181818","faq_heading_bg_color":"#fcded6","faq_content_color":"#1a1a1a","faq_content_bg_color":"#fff5f2","custom_class_name":"custom-faq-page"}},"16565602924a301548":{"type":"home-support-block","blocks":{"cd5e8271-6eb0-4de9-a7d7-85d5c816c3aa":{"type":"icon","settings":{"icon":"shopify:\/\/shop_images\/Vector_Smart_Object.png","title":"Free Delivery","desc":"Gorem ipsum dolor sit","link_text":"View More","link":"","text_underline_color":"","icon_bg_color":"#ffd6db"}},"abb8a24e-5ec8-4573-8182-f1730a5de5cc":{"type":"icon","settings":{"icon":"shopify:\/\/shop_images\/Vector_Smart_Object1.png","title":"Easy Returns","desc":"Gorem ipsum dolor sit","link_text":"View More","link":"","text_underline_color":"","icon_bg_color":"#f3c0d7"}},"fadf56be-17e3-4832-ab44-03bb2e7407db":{"type":"icon","settings":{"icon":"shopify:\/\/shop_images\/Vector_Smart_Object2.png","title":"24\/7 Support","desc":"Gorem ipsum dolor sit","link_text":"View More","link":"","text_underline_color":"","icon_bg_color":"#fcded6"}}},"block_order":["cd5e8271-6eb0-4de9-a7d7-85d5c816c3aa","abb8a24e-5ec8-4573-8182-f1730a5de5cc","fadf56be-17e3-4832-ab44-03bb2e7407db"],"settings":{"full":false,"spacing_both_ends":false,"padding":"100,70","margin":"80,-100","show_background_image":false,"background_style":"none","background_size":"auto","enable_overlay":true,"background_color":"#f4c1d7","overlay_transparency":"0.25","section_heading":"","section_sub_heading":"","section_description":"","section_button_text":"","section_button_link":"","section_heading_color":"","section_sub_heading_color":"","section_description_color":"","section_button_bg_color":"","section_button_text_color":"","section_button_hover_bg_color":"","section_button_hover_text_color":"","heading_position":"text-center","text_position":"text-start","block_style":"default-style","grid":"3","enable_grid_style":false,"vertical_position":"position-default","reverse_column":false,"border_radius":"20px","icon_border_radius":"0px","enable_box_shadow":false,"block_icon_outer_size":"100px","block_icon_size":"50px","slide_on_mobile":true,"block_border_color":"","block_bg":"","block_icon_bg":"","block_icon_border_color":"","block_heading_color":"","block_description_color":"","block_button_bg_color":"","block_button_text_color":"","block_button_hover_bg_color":"","block_button_hover_text_color":"","custom_class_name":"custom_support_block"}}},"order":["main","1656562825fb2beff2","16565602924a301548"]}