{"sections":{"main":{"type":"services","disabled":true,"settings":{}},"16430003734f35be80":{"type":"home-masonry-banner","blocks":{"164300037312a7d454-0":{"type":"content","settings":{"block_image":"shopify:\/\/shop_images\/img_5_35e7577f-3269-4b10-b28f-e4f7a24edf56.jpg","show_image":true,"block_title":"","block_sub_title":"Blending Fashion","block_description":"","block_button_text":"View Products","block_button_link":"shopify:\/\/collections\/demo-1-top-sellers","block_text_align":"text-start","content_position":"custom_2","image_position":"center","reverse_column":false,"block_banner_bg":"rgba(0,0,0,0)","block_heading_color":"rgba(0,0,0,0)","block_sub_heading_color":"#ffffff","block_description_color":"","block_button_bg_color":"rgba(0,0,0,0)","block_button_text_color":"#ffffff","block_button_hover_bg_color":"rgba(0,0,0,0)","block_button_hover_text_color":"#ba8d69","overlay_style":"use_gradient_overlay","overlay_color":"#181818","overlay_opacity":"0.75","rotation_degree":"180"}}},"block_order":["164300037312a7d454-0"],"settings":{"full":true,"spacing_both_ends":false,"padding":"0,0","margin":"0,0","show_background_image":false,"background_style":"none","background_size":"auto","enable_overlay":false,"background_color":"","overlay_transparency":"0.5","section_heading":"","section_sub_heading":"","section_description":"","section_button_text":"","section_button_link":"","heading_position":"text-center","section_heading_color":"","section_sub_heading_color":"","section_description_color":"","section_button_bg_color":"","section_button_text_color":"","section_button_hover_bg_color":"","section_button_hover_text_color":"","main_banner_style":"overlay","block_banner_style":"overlay","reverse_column":true,"column_gap":"200px","enable_box_shadow":false,"border_radius":"0","content_width":"40\/60","lap_content_width":"40\/60","tab_content_width":"40\/60","primary_text_align":"text-start","primary_position":"custom_2","primary_image":"shopify:\/\/shop_images\/service-2.jpg","primary_title":"","primary_sub_title":"Planning Outfits","primary_description":"","primary_button_text":"View Products","primary_button_link":"shopify:\/\/collections\/demo-1-best-sellers","primary_banner_bg":"#f3eeeb","primary_heading_color":"","primary_sub_heading_color":"","primary_description_color":"","primary_button_bg_color":"rgba(0,0,0,0)","primary_button_text_color":"#181818","primary_button_hover_bg_color":"rgba(0,0,0,0)","primary_button_hover_text_color":"#ba8d69","overlay_style":"use_gradient_overlay","overlay_color":"#181818","overlay_opacity":"0.75","rotation_degree":"180","block_style":"style-2","enable_badge":false,"badge_image":"shopify:\/\/shop_images\/demo-9-badge.png","overlay_style_height":600,"overlay_style_height_laptop":550,"overlay_style_height_tab":500,"overlay_style_height_mobile":450,"custom_class_name":"custom_masonry_banner_2 fill"}},"1643004494048461cf":{"type":"home-specification-block","blocks":{"1643004494aeb5c906-0":{"type":"icon","settings":{"icon":"shopify:\/\/shop_images\/service-icon-1.png","title":"","desc":"Aenean quis pulvinar dui, eget vulputate tellus. Suspendisse dolor purus, feugiat coros justo","link_text":"","link":"","reverse_column":false}},"1643004494aeb5c906-1":{"type":"icon","settings":{"icon":"shopify:\/\/shop_images\/service-icon-2.png","title":"","desc":"Cras id convallis, nec ti nci dunt at ligula ut tellus dic tum sodales. Allo nunc, in turpis.","link_text":"","link":"","reverse_column":false}},"1643004494aeb5c906-2":{"type":"icon","settings":{"icon":"shopify:\/\/shop_images\/service-icon-3.png","title":"","desc":"Ut ex eu metus ullam corper pretium ac ut risus. Pellentesque arcu est, vel quam sed, vallis risus","link_text":"","link":"","reverse_column":false}},"1643004494aeb5c906-4":{"type":"icon","settings":{"icon":"shopify:\/\/shop_images\/service-icon-5.png","title":"","desc":"Pellentesque arcu est, vel quam sed, luctus risus. Vestibulum gra vida blandit justo convallis.","link_text":"","link":"","reverse_column":false}},"1643004494aeb5c906-3":{"type":"icon","settings":{"icon":"shopify:\/\/shop_images\/service-icon-4.png","title":"","desc":"Nulla ut lorem hendrerit, orci in, velit. Maecenas massa purus, quis urna a, finibus magna.","link_text":"","link":"","reverse_column":false}},"1643004494aeb5c906-5":{"type":"icon","settings":{"icon":"shopify:\/\/shop_images\/service-icon-6.png","title":"","desc":"Maecenas nec ipsum in tortor  ac ut ante. Nunc libero nec nisi, diam odio, quis eros eget.","link_text":"","link":"","reverse_column":false}},"1643004494aeb5c906-6":{"type":"icon","settings":{"icon":"shopify:\/\/shop_images\/service-icon-7.png","title":"","desc":"Nulla ut lorem hendrerit, volutpat orci in, venenatis velit Aenean quis pulvinar dui, eget vulputate tellus.","link_text":"","link":"","reverse_column":false}},"1643004494aeb5c906-7":{"type":"icon","settings":{"icon":"shopify:\/\/shop_images\/service-icon-8.png","title":"","desc":"Ut scelerisque sollicitudin eros, sit amet quam in. Quisque imperdiet non purus imperdiet convallis","link_text":"","link":"","reverse_column":false}}},"block_order":["1643004494aeb5c906-0","1643004494aeb5c906-1","1643004494aeb5c906-2","1643004494aeb5c906-4","1643004494aeb5c906-3","1643004494aeb5c906-5","1643004494aeb5c906-6","1643004494aeb5c906-7"],"settings":{"full":true,"spacing_both_ends":true,"padding":"100,100","margin":"200,0","show_background_image":false,"background_style":"none","background_size":"auto","enable_overlay":true,"background_color":"#f3eeeb","overlay_transparency":"1","section_heading":"OUR SERVICES","section_sub_heading":"","section_description":"In nulla posuere sollicitudin aliquam ultrices sagittis orci a.","section_button_text":"","section_button_link":"","section_heading_color":"","section_sub_heading_color":"","section_description_color":"","section_button_bg_color":"","section_button_text_color":"","section_button_hover_bg_color":"","section_button_hover_text_color":"","heading_position":"text-center","column_gap":"100px","vertical_position":"position-vertical-center","content_width":"40\/60","content_width_lap":"40\/60","content_width_tab":"40\/60","primary_image":"shopify:\/\/shop_images\/services-spec.jpg","show_image":true,"primary_title":"","primary_sub_title":"","primary_description":"","primary_button_text":"","primary_button_link":"","main_banner_style":"overlay","primary_text_align":"text-center","primary_position":"center","overlay_style_height":"600","border_radius":"0","enable_box_shadow":false,"overlay_style":"use_overlay","overlay_color":"#f3eeeb","overlay_opacity":"0","rotation_degree":"180","primary_banner_bg":"","primary_heading_color":"","primary_sub_heading_color":"","primary_description_color":"","primary_button_bg_color":"","primary_button_text_color":"","primary_button_hover_bg_color":"","primary_button_hover_text_color":"","specification_block_style":"style2","block_icon_size":"55px","icon_border_radius":"0px","specification_style":"style2","block_icon_outer_size":"75px","additional_heading":"Additional Block Headng","additional_sub_heading":"Sub Heading","additional_description":"Use this text to share the information which you like!.","additional_heading_position":"text-start","grid":"2","additional_content_position":"text-center","slide_on_mobile":false,"block_icon_bg":"","block_icon_color":"","block_heading_color":"","block_description_color":"","block_button_bg_color":"","block_button_text_color":"","block_button_hover_bg_color":"","block_button_hover_text_color":"","additional_heading_color":"","additional_sub_heading_color":"","additional_description_color":"","custom_class_name":""}},"1643004498fa1a63b8":{"type":"home-brand-logos","blocks":{"16430044983245683d-0":{"type":"Image","settings":{"image":"shopify:\/\/shop_images\/our_partner.png","title":"","link":""}},"16430044983245683d-1":{"type":"Image","settings":{"image":"shopify:\/\/shop_images\/our_partner2.png","title":"","link":""}},"16430044983245683d-2":{"type":"Image","settings":{"image":"shopify:\/\/shop_images\/our_partner_3.png","title":"","link":""}},"16430044983245683d-3":{"type":"Image","settings":{"image":"shopify:\/\/shop_images\/our_partner_4.png","title":"","link":""}},"16430044983245683d-4":{"type":"Image","settings":{"image":"shopify:\/\/shop_images\/our_partner_5.png","title":"","link":""}},"611ab302-cd08-4b55-b9a6-0cef42122554":{"type":"Image","settings":{"image":"shopify:\/\/shop_images\/our_partner_6.png","title":"","link":""}},"804fb287-2fea-4f88-9b07-2dbb56a5b0f0":{"type":"Image","settings":{"image":"shopify:\/\/shop_images\/our_partner_7.png","title":"","link":""}},"1ec345a5-df82-499b-8c84-a1b5f6389ce7":{"type":"Image","settings":{"image":"shopify:\/\/shop_images\/our_partner_8.png","title":"","link":""}},"62f57026-8d9c-4dfc-8581-dd5d0e06919f":{"type":"Image","settings":{"image":"shopify:\/\/shop_images\/our_partner_9.png","title":"","link":""}},"0543ecb8-9494-4ffc-8bf5-4d83a972353f":{"type":"Image","settings":{"image":"shopify:\/\/shop_images\/our_partner_10.png","title":"","link":""}}},"block_order":["16430044983245683d-0","16430044983245683d-1","16430044983245683d-2","16430044983245683d-3","16430044983245683d-4","611ab302-cd08-4b55-b9a6-0cef42122554","804fb287-2fea-4f88-9b07-2dbb56a5b0f0","1ec345a5-df82-499b-8c84-a1b5f6389ce7","62f57026-8d9c-4dfc-8581-dd5d0e06919f","0543ecb8-9494-4ffc-8bf5-4d83a972353f"],"settings":{"full":false,"spacing_both_ends":false,"padding":"100,0","margin":"0,0","show_background_image":false,"background_style":"none","background_size":"auto","enable_overlay":false,"background_color":"","overlay_transparency":"0.5","section_heading":"Our Partners","section_sub_heading":"","section_description":"Lorem ipsum dolor sit amet, consectetur adipiscing elit, sed do eiusmod tempor incididunt","section_button_text":"","section_button_link":"","section_heading_color":"","section_sub_heading_color":"","section_description_color":"","section_button_bg_color":"","section_button_text_color":"","section_button_hover_bg_color":"","section_button_hover_text_color":"","heading_position":"text-center","grid":"5","block_style":"style-3","enable_box_shadow":false,"column_gap":"30","border_radius":"0","swipe_on_mobile":true,"block_border_color":"#f3eeeb","block_background_color":"rgba(0,0,0,0)","enable_slider":false,"enable_auto_height":false,"items_per_view":5,"slider_autoplay":0,"dots":true,"carousel_pagination_alignment":"center_pagination","arrows":false,"nav_arrow_position":"navigation-bottom-center","center_nav_arrow_alignment":"outside_container","navigation_button_color":"","navigation_button_icon_color":"","navigation_button_hover_color":"","navigation_button_hover_icon_color":"","navigation_dot_color":"","navigation_dot_active_color":"","custom_class_name":""}},"16430055485474d080":{"type":"home-html-text","settings":{"full":false,"spacing_both_ends":false,"padding":"100,65","margin":"70,0","show_background_image":true,"background_image":"shopify:\/\/shop_images\/product-banner-bg.jpg","background_style":"fixed","background_size":"cover","enable_overlay":true,"background_color":"#f3eeeb","overlay_transparency":"1","section_heading":"EXPLORE FASHION - AND MOVE TO FUTURE","section_sub_heading":"","section_description":"Sit amet consectetur adipiscing elit ut aliquam purus sit.","section_button_text":"Purchase Theme","section_button_link":"shopify:\/\/collections\/demo-1-best-sellers","section_button_2_text":"View Products","section_button_2_link":"shopify:\/\/collections\/demo-1-new-arrivals","section_heading_color":"","section_sub_heading_color":"","section_description_color":"","section_button_bg_color":"","section_button_text_color":"","section_button_hover_bg_color":"","section_button_hover_text_color":"","heading_position":"text-center","html":"<!--<div id='insta-feed'><\/div>-->","custom_class_name":""}},"1643002943e9a51727":{"type":"home-featured-blog","settings":{"full":false,"spacing_both_ends":false,"padding":"0,0","margin":"100,-50","show_background_image":false,"background_style":"none","background_size":"auto","enable_overlay":false,"background_color":"","overlay_transparency":"0.5","section_heading":"Our Talks","section_sub_heading":"","section_description":"Classic edition of the greatest collection for a creative outlook that brings the style out of your passion.","section_button_text":"View All Blogs","section_button_link":"shopify:\/\/blogs\/service","section_heading_color":"","section_sub_heading_color":"","section_description_color":"","section_button_bg_color":"","section_button_text_color":"","section_button_hover_bg_color":"","section_button_hover_text_color":"","heading_position":"text-start","blog":"service","blog_show_author":false,"blog_show_date":true,"blog_comments":false,"blog_show_tag":false,"blog_show_button":true,"blog_show_description":true,"enable_blog_icons":false,"block_banner_style":"grid-style","post_limit":2,"grid":"2","text_position":"text-start","enable_box_shadow":false,"vertical_position":"vertical-top","content_width":"50\/50","lap_content_width":"50\/50","overlay_style_height":400,"overlay_style":"use_overlay","overlay_color":"","overlay_opacity":"0.5","rotation_degree":"180","split_blog_layout":false,"split_gap":"30","enable_masonry_grid":false,"main_banner_style":"grid-style","additional_banner_style":"list-style","enable_masonry_reverse":false,"blog_bg_color":"","blog_link_color":"","blog_link_hover_color":"","blog_text_color":"","blog_icon_color":"","blog_button_bg_color":"","blog_button_text_color":"","blog_button_bg_hover_color":"","blog_button_text_hover_color":"","blog_link_color_overlay":"","blog_link_hover_color_overlay":"","blog_text_color_overlay":"","blog_icon_color_overlay":"","blog_button_bg_color_overlay":"","blog_button_text_color_overlay":"","blog_button_bg_hover_color_overlay":"","blog_button_text_hover_color_overlay":"","masonry_content_width":"50\/50","lap_masonry_content_width":"40\/60","enable_slider":false,"enable_auto_height":false,"items_per_view":2,"column_gap":"30","slider_autoplay":0,"dots":true,"carousel_pagination_alignment":"center_pagination","arrows":true,"nav_arrow_position":"center-navigation","center_nav_arrow_alignment":"outside_container","navigation_button_color":"","navigation_button_icon_color":"","navigation_button_hover_color":"","navigation_button_hover_icon_color":"","navigation_dot_color":"","navigation_dot_active_color":"","custom_class_name":"custom_blog"}}},"order":["main","16430003734f35be80","1643004494048461cf","1643004498fa1a63b8","16430055485474d080","1643002943e9a51727"]}