{"sections":{"main":{"type":"main-product-template","blocks":{"b0a376af-f686-4ca3-92b8-732dfea27dfe":{"type":"notify-form","settings":{}},"bd5fe641-75f6-4c13-999c-d0be32e3bc87":{"type":"title","settings":{}},"01a8cb50-4c59-4580-a4ff-57a0b2058ef5":{"type":"shopify:\/\/apps\/product-reviews\/blocks\/star_rating\/bae150af-8da8-48b2-9867-398188115e5f","settings":{"stars_fill_color":"#ba8d69","star_size":16,"text_align":"flex-start","product":"{{product}}","stars_text_empty":"(No reviews)"}},"7c9c1efb-83bb-46b0-abe9-7c4951265cf4":{"type":"price","settings":{}},"db797c60-1d3c-4034-b55d-151ec5cae2d7":{"type":"deal","settings":{}},"f26a6ae3-78b7-4d9f-885e-fcbc49deba02":{"type":"menu","settings":{"title":"Category","linklist":""}},"2ff9f47d-7f11-4be0-b8ec-143624b3ca83":{"type":"collection","settings":{"title":"Featured Products","collection":"best-sellers-demo-10","limit":3}},"14952b1f-8a11-46fc-93bc-26529aab775e":{"type":"carousel","settings":{"title":"Best Sellers","collection":"hot-deals-demo-10","limit":5}},"412a0fea-8c0c-495e-8a2e-6da2be50a3cd":{"type":"sku","settings":{}},"a0e578fb-e296-4fe2-9330-599c1cfdca37":{"type":"badge","settings":{"badge_label":"100% Secured Payment"}},"abe6528b-336c-4949-8ad4-f133c1f33c49":{"type":"social-sharing","settings":{}},"1f4c50c5-0605-4d65-ab30-b0a0729c78f1":{"type":"CMS","settings":{"title":"Details","page_content":"shipping-information"}},"02d0711c-400a-4b4f-9166-7a43eba83dea":{"type":"CMS","settings":{"title":"Faq's","page_content":"tab-faqs"}},"e60032ef-c344-4702-b0e6-9055bb83b00e":{"type":"CMS","settings":{"title":"Size Chart","page_content":"size-chart"}}},"block_order":["b0a376af-f686-4ca3-92b8-732dfea27dfe","bd5fe641-75f6-4c13-999c-d0be32e3bc87","01a8cb50-4c59-4580-a4ff-57a0b2058ef5","7c9c1efb-83bb-46b0-abe9-7c4951265cf4","db797c60-1d3c-4034-b55d-151ec5cae2d7","f26a6ae3-78b7-4d9f-885e-fcbc49deba02","2ff9f47d-7f11-4be0-b8ec-143624b3ca83","14952b1f-8a11-46fc-93bc-26529aab775e","412a0fea-8c0c-495e-8a2e-6da2be50a3cd","a0e578fb-e296-4fe2-9330-599c1cfdca37","abe6528b-336c-4949-8ad4-f133c1f33c49","1f4c50c5-0605-4d65-ab30-b0a0729c78f1","02d0711c-400a-4b4f-9166-7a43eba83dea","e60032ef-c344-4702-b0e6-9055bb83b00e"],"settings":{"full":true,"spacing_both_ends":true,"padding":"0,0","margin":"0,0","gallery_type":"thumbnails_horizontal","vertical_style":"dt-sc-product-vertical-thumb-right","enable_zoom":false,"zoom_type":"cloud","enable_video_looping":true,"meta-lable-style":"full-width","reviews":true,"show_variants_swatches":true,"swatch_as":"color","show_product_quantity":true,"display_back_in_stock":true,"show_quantity_selector":true,"show_checkout":true,"hide_addtocart":false,"show_wishlist":true,"show_share_buttons":false,"tab_position":"right","tab_style":"tab","product_tab1":true,"product_tab1_heading":"Description","product_tab2":true,"product_tab2_heading":"Shipping Details","page_content":"shipping-information","product_tab3":true,"product_tab3_heading":"Reviews","enable_enquiry":true,"enable_sticky_cart":true,"show_adv_product":false,"choose_label":"Choose style","collection":""}},"product-recommendations":{"type":"product-recommendations","settings":{"full":true,"spacing_both_ends":true,"padding":"50,0","margin":"0,0","show_product_recommendations":true,"heading":"Recommended Products","heading_position":"text-center"}}},"order":["main","product-recommendations"]}